760877.3	sensitive
1313.11716	sensitive
1313.10164	sensitive
1313.10121	sensitive
1313.11843	sensitive
1313.10738	sensitive
1313.10691	sensitive
1313.9976	sensitive
1313.9981	sensitive
1313.5261	sensitive
1313.11460	sensitive
1313.9982	sensitive
1313.9979	sensitive
1313.9975	sensitive
1313.11637	sensitive
1313.10304	sensitive
1313.11978	sensitive
1313.12860	sensitive
1313.11152	sensitive
1313.11496	sensitive
1313.10567	sensitive
1313.11534	sensitive
1313.12730	sensitive
1313.10957	sensitive
1313.12149	sensitive
1313.11030	sensitive
1313.10918	sensitive
1313.10569	sensitive
1313.12021	sensitive
1313.12506	sensitive
1313.10558	sensitive
1313.10507	sensitive
1313.10433	sensitive
1313.10289	sensitive
1313.10911	sensitive
1313.10799	sensitive
1313.12278	sensitive
1313.11229	sensitive
1313.11408	sensitive
1313.12555	sensitive
1313.11110	sensitive
1313.11505	sensitive
1313.12404	sensitive
1313.12749	sensitive
1313.12688	sensitive
1313.11800	sensitive
1313.10515	sensitive
1313.11081	sensitive
1313.10338	sensitive
1313.10392	sensitive
1313.11473	sensitive
1313.12480	sensitive
1313.11454	sensitive
1313.12463	sensitive
1313.12395	sensitive
1313.12351	sensitive
1313.10296	sensitive
1313.11079	sensitive
1313.13042	sensitive
1313.10003	sensitive
1313.10307	sensitive
1313.12111	sensitive
1313.11047	sensitive
1313.12258	sensitive
1313.10217	sensitive
1313.12270	sensitive
1313.12833	sensitive
1313.11750	sensitive
1313.12485	sensitive
1313.11924	sensitive
1313.10669	sensitive
1313.10826	sensitive
1313.13047	sensitive
1313.12872	sensitive
1313.10096	sensitive
1313.11813	sensitive
1313.12208	sensitive
1313.10206	sensitive
1313.11662	sensitive
1313.11214	sensitive
1313.11938	sensitive
1313.11131	sensitive
1313.12189	sensitive
1313.11521	sensitive
1313.11453	sensitive
1313.10656	sensitive
1313.12727	sensitive
1313.10990	sensitive
1313.10489	sensitive
1313.10387	sensitive
1313.12817	sensitive
1313.12529	sensitive
1313.11037	sensitive
1313.12738	sensitive
1313.10705	sensitive
1313.11860	sensitive
1313.12509	sensitive
1313.12423	sensitive
1313.12312	sensitive
1313.11893	sensitive
1313.12784	sensitive
1313.10996	sensitive
1313.10771	sensitive
1313.10927	sensitive
1313.11046	sensitive
1313.12755	sensitive
1313.10424	sensitive
1313.10229	sensitive
1313.11535	sensitive
1313.9997	sensitive
1313.10389	sensitive
1313.11503	sensitive
1313.10219	sensitive
1313.12852	sensitive
1313.12511	sensitive
1313.11302	sensitive
1313.12517	sensitive
1313.11545	sensitive
1313.12574	sensitive
1313.10822	sensitive
1313.12801	sensitive
1313.12809	sensitive
1313.10405	sensitive
1313.11486	sensitive
1313.12927	sensitive
1313.12255	sensitive
1313.12667	sensitive
1313.11945	sensitive
1313.10258	sensitive
1313.11922	sensitive
1313.12562	sensitive
1313.10499	sensitive
1313.11265	sensitive
1313.11549	sensitive
1313.12207	sensitive
1313.11651	sensitive
1313.11712	sensitive
1313.12030	sensitive
1313.12263	sensitive
1313.12314	sensitive
1313.11248	sensitive
1313.12393	sensitive
1313.12718	sensitive
1313.12272	sensitive
1313.11020	sensitive
1313.10748	sensitive
1313.12454	sensitive
1313.11942	sensitive
1313.10620	sensitive
1313.10588	sensitive
1313.11985	sensitive
1313.11211	sensitive
1313.11786	sensitive
1313.11447	sensitive
1313.12185	sensitive
1313.12793	sensitive
1313.10415	sensitive
1313.12179	sensitive
1313.11417	sensitive
1313.11493	sensitive
1313.11603	sensitive
1313.12780	sensitive
1313.12177	sensitive
1313.11574	sensitive
1313.11950	sensitive
1313.11793	sensitive
1313.12720	sensitive
1313.11006	sensitive
1313.12790	sensitive
1313.10820	sensitive
1313.12164	sensitive
1313.11298	sensitive
1313.12652	sensitive
1313.10055	sensitive
1313.11847	sensitive
1313.11270	sensitive
1313.10186	sensitive
1313.11304	sensitive
1313.10688	sensitive
1313.10435	sensitive
1313.10604	sensitive
1313.10907	sensitive
1313.10756	sensitive
1313.10013	sensitive
1313.11960	sensitive
1313.10504	sensitive
1313.12260	sensitive
1313.12253	sensitive
1313.10514	sensitive
1313.12622	sensitive
1313.12002	sensitive
1313.12045	sensitive
1313.12419	sensitive
1313.11863	sensitive
1313.11669	sensitive
1313.12868	sensitive
1313.11658	sensitive
1313.11446	sensitive
1313.11861	sensitive
1313.11204	sensitive
1313.10788	sensitive
1313.12901	sensitive
1313.10088	sensitive
1313.12850	sensitive
1313.10171	sensitive
1313.10097	sensitive
1313.10790	sensitive
1313.10600	sensitive
1313.10973	sensitive
1313.10838	sensitive
1313.10299	sensitive
1313.12471	sensitive
1313.10645	sensitive
1313.11471	sensitive
1313.10711	sensitive
1313.10887	sensitive
1313.10977	sensitive
1313.11482	sensitive
1313.11075	sensitive
1313.11745	sensitive
1313.11488	sensitive
1313.13034	sensitive
1313.11472	sensitive
1313.12854	sensitive
1313.11420	sensitive
1313.10374	sensitive
1313.10106	sensitive
1313.12862	sensitive
1313.10560	sensitive
1313.10890	sensitive
1313.12877	sensitive
1313.10931	sensitive
1313.12839	sensitive
1313.12871	sensitive
1313.10652	sensitive
1313.10130	sensitive
1313.12899	sensitive
1313.13027	sensitive
1313.13025	sensitive
1313.10844	sensitive
1313.10624	sensitive
1313.10273	sensitive
1313.11602	sensitive
1313.10603	sensitive
1313.10505	sensitive
1313.11463	sensitive
1313.10391	sensitive
1313.10122	sensitive
1313.11182	sensitive
1313.10032	sensitive
1313.12527	sensitive
1313.11012	sensitive
1313.10655	sensitive
1313.10069	sensitive
1313.11444	sensitive
1313.12834	sensitive
1313.12853	sensitive
1313.11499	sensitive
1313.13048	sensitive
1313.10524	sensitive
1313.11912	sensitive
1313.12499	sensitive
1313.11119	sensitive
1313.10006	sensitive
1313.10280	sensitive
1313.11018	sensitive
1313.10951	sensitive
1313.10673	sensitive
1313.12427	sensitive
1313.10746	sensitive
1313.13051	sensitive
1313.10165	sensitive
1313.9983	sensitive
1313.10182	sensitive
1313.10234	sensitive
1313.11144	sensitive
1313.11967	sensitive
1313.12861	sensitive
1313.10841	sensitive
1313.10020	sensitive
1313.10265	sensitive
1313.11215	sensitive
1313.10648	sensitive
1313.10245	sensitive
1313.10561	sensitive
1313.10382	sensitive
1313.10523	sensitive
1313.11285	sensitive
1313.12823	sensitive
1313.10814	sensitive
1313.10809	sensitive
1313.12024	sensitive
1313.11083	sensitive
1313.12184	sensitive
1313.10469	sensitive
1313.12003	sensitive
1313.10511	sensitive
1313.10739	sensitive
1313.11647	sensitive
1313.10314	sensitive
1313.12226	sensitive
1313.10816	sensitive
1313.10039	sensitive
1313.11760	sensitive
1313.10288	sensitive
1313.11772	sensitive
1313.10014	sensitive
1313.10824	sensitive
1313.11826	sensitive
1313.10506	sensitive
1313.13031	sensitive
1313.12910	sensitive
1313.12182	sensitive
1313.12218	sensitive
1313.12396	sensitive
1313.10402	sensitive
1313.12458	sensitive
1313.11400	sensitive
1313.12829	sensitive
1313.10043	sensitive
1313.11531	sensitive
1313.10272	sensitive
1313.10297	sensitive
1313.10103	sensitive
1313.12782	sensitive
1313.10320	sensitive
1313.9999	sensitive
1313.11275	sensitive
1313.10777	sensitive
1313.12757	sensitive
1313.11027	sensitive
1313.11832	sensitive
1313.12381	sensitive
1313.10892	sensitive
1313.10412	sensitive
1313.12310	sensitive
1313.10409	sensitive
1313.11148	sensitive
1313.11748	sensitive
1313.10104	sensitive
1313.12377	sensitive
1313.12296	sensitive
1313.12866	sensitive
1313.11236	sensitive
1313.11283	sensitive
1313.12896	sensitive
1313.10494	sensitive
1313.13072	sensitive
1313.10955	sensitive
1313.12144	sensitive
1313.11654	sensitive
1313.10941	sensitive
1313.12304	sensitive
1313.10368	sensitive
1313.11469	sensitive
1313.13085	sensitive
1313.12110	sensitive
1313.10577	sensitive
1313.10509	sensitive
1313.12765	sensitive
1313.10956	sensitive
1313.11986	sensitive
1313.11026	sensitive
1313.12812	sensitive
1313.10260	sensitive
1313.10155	sensitive
1313.10492	sensitive
1313.10408	sensitive
1313.12481	sensitive
1313.11943	sensitive
1313.11719	sensitive
1313.12129	sensitive
1313.13011	sensitive
1313.11753	sensitive
1313.10029	sensitive
1313.10177	sensitive
1313.12881	sensitive
1313.10329	sensitive
1313.11563	sensitive
1313.12751	sensitive
1313.11795	sensitive
1313.11332	sensitive
1313.10072	sensitive
1313.12624	sensitive
1313.12969	sensitive
1313.12409	sensitive
1313.12347	sensitive
1313.11609	sensitive
1313.10076	sensitive
1313.11675	sensitive
1313.11740	sensitive
1313.12086	sensitive
1313.12963	sensitive
1313.12155	sensitive
1313.12244	sensitive
1313.11466	sensitive
1313.11827	sensitive
1313.11412	sensitive
1313.11221	sensitive
1313.12497	sensitive
1313.11321	sensitive
1313.12264	sensitive
1313.12074	sensitive
1313.12960	sensitive
1313.10420	sensitive
1313.13056	sensitive
1313.13004	sensitive
1313.7019	sensitive
1313.7021	sensitive
1313.7022	sensitive
1313.11405	sensitive
1313.11106	sensitive
1313.12625	sensitive
1313.12638	sensitive
1313.13055	sensitive
1313.12001	sensitive
1313.11883	sensitive
1313.11055	sensitive
1313.12534	sensitive
1313.11113	sensitive
1313.11743	sensitive
1313.13062	sensitive
1313.10861	sensitive
1313.10962	sensitive
1313.13068	sensitive
1313.11062	sensitive
1313.12291	sensitive
1313.7017	sensitive
1313.11031	sensitive
1313.12496	sensitive
1313.11441	sensitive
1313.11557	sensitive
1313.11291	sensitive
1313.11528	sensitive
1313.11377	sensitive
1313.11579	sensitive
1313.11156	sensitive
1313.11287	sensitive
1313.11334	sensitive
1313.10351	sensitive
1313.10019	sensitive
1313.12579	sensitive
1313.11927	sensitive
1313.11409	sensitive
1313.12520	sensitive
1313.11277	sensitive
1313.10969	sensitive
1313.10699	sensitive
1313.12007	sensitive
1313.10474	sensitive
1313.10583	sensitive
1313.12975	sensitive
1313.10263	sensitive
1313.10916	sensitive
1313.12436	sensitive
1313.11519	sensitive
1313.10011	sensitive
1313.10945	sensitive
1313.12966	sensitive
1313.11815	sensitive
1313.10812	sensitive
1313.10293	sensitive
1313.11775	sensitive
1313.10070	sensitive
1313.11059	sensitive
1313.10018	sensitive
1313.12202	sensitive
1313.12984	sensitive
1313.12232	sensitive
1313.12250	sensitive
1313.11035	sensitive
1313.11456	sensitive
1313.11639	sensitive
1313.12156	sensitive
1313.12990	sensitive
1313.7015	sensitive
1313.7012	sensitive
1313.10432	sensitive
1313.11513	sensitive
1313.10697	sensitive
1313.11227	sensitive
760788.3	sensitive
1313.11082	sensitive
760793.3	sensitive
760794.3	sensitive
760798.3	sensitive
1313.11959	sensitive
760800.3	sensitive
760803.3	sensitive
1313.10908	sensitive
1313.12952	sensitive
760806.3	sensitive
1313.10455	sensitive
1313.9990	sensitive
1313.9993	sensitive
1313.11804	sensitive
1313.11873	sensitive
760774.3	sensitive
760773.3	sensitive
760772.3	sensitive
760878.3	sensitive
760880.3	sensitive
760881.3	sensitive
1069625.3	sensitive
760742.3	sensitive
760743.3	sensitive
1313.10061	sensitive
1313.11623	sensitive
1313.11165	sensitive
1313.11670	sensitive
1313.11779	sensitive
760754.3	sensitive
760755.3	sensitive
1313.10413	sensitive
1313.10847	sensitive
760760.3	sensitive
1313.11071	sensitive
760767.3	sensitive
1313.11296	sensitive
1313.10702	sensitive
760750.3	sensitive
1313.7013	sensitive
760819.3	sensitive
760821.3	sensitive
1105115.3	sensitive
1313.11761	sensitive
1313.11212	sensitive
1105117.3	sensitive
1313.10118	sensitive
1131627.3	sensitive
1313.12973	sensitive
1131630.3	sensitive
1131629.3	sensitive
760888.3	sensitive
760887.3	sensitive
1313.6939	sensitive
1313.6942	sensitive
1313.6941	sensitive
1313.6944	sensitive
1313.6947	sensitive
1313.7007	sensitive
1313.7009	sensitive
1313.12956	sensitive
1313.12524	sensitive
1313.10834	sensitive
1313.10444	sensitive
760850.3	sensitive
1313.11370	sensitive
1313.10388	sensitive
1313.11494	sensitive
1313.11589	sensitive
1313.10554	sensitive
1313.12921	sensitive
1313.11393	sensitive
760829.3	sensitive
1313.10576	sensitive
1313.11310	sensitive
760832.3	sensitive
760835.3	sensitive
760860.3	sensitive
760838.3	sensitive
760841.3	sensitive
760842.3	sensitive
1313.11133	sensitive
1313.11968	sensitive
760846.3	sensitive
760861.3	sensitive
760833.3	sensitive
1313.10994	sensitive
1313.11303	sensitive
1313.11739	sensitive
1313.12682	sensitive
1313.11235	sensitive
1313.12991	sensitive
1313.12038	sensitive
1313.12366	sensitive
1313.12733	sensitive
1313.10773	sensitive
1313.12807	sensitive
1313.12967	sensitive
1313.11506	sensitive
1313.10025	sensitive
1313.11328	sensitive
1313.11592	sensitive
1313.11929	sensitive
1313.10868	sensitive
1313.10396	sensitive
1313.11354	sensitive
1313.11737	sensitive
1313.10453	sensitive
1313.12978	sensitive
1313.12814	sensitive
1313.10080	sensitive
1313.11074	sensitive
1313.11881	sensitive
1313.12479	sensitive
1313.12324	sensitive
1313.11530	sensitive
1313.12187	sensitive
1313.10521	sensitive
1313.11340	sensitive
1313.12986	sensitive
1313.12094	sensitive
1313.12352	sensitive
1313.10959	sensitive
1313.11928	sensitive
1313.11305	sensitive
1313.12315	sensitive
1313.10134	sensitive
1313.11135	sensitive
1313.12933	sensitive
1313.11380	sensitive
1313.11709	sensitive
1313.12808	sensitive
1313.12791	sensitive
1313.12811	sensitive
1313.12789	sensitive
1313.10565	sensitive
1313.11315	sensitive
1313.12777	sensitive
1313.10306	sensitive
1313.12174	sensitive
1313.12227	sensitive
1313.12489	sensitive
1313.10218	sensitive
1313.10428	sensitive
1313.11554	sensitive
1313.10902	sensitive
1313.12701	sensitive
1313.11773	sensitive
1313.13000	sensitive
1313.10965	sensitive
1313.11734	sensitive
1313.10845	sensitive
1313.12710	sensitive
1313.11435	sensitive
1313.11726	sensitive
1313.10801	sensitive
1313.10912	sensitive
1313.11041	resistant
1313.11907	resistant
1313.10194	resistant
1313.9985	resistant
1313.10208	resistant
1313.11636	resistant
1313.11628	resistant
1313.11367	resistant
1313.10451	resistant
1313.13041	resistant
1313.10467	resistant
1313.11013	resistant
1313.10829	resistant
1313.11157	resistant
1313.10283	resistant
1313.13015	resistant
1313.11324	resistant
1313.11458	resistant
1313.10138	resistant
1313.11552	resistant
1313.12971	resistant
1313.10954	resistant
1313.10081	resistant
1313.11220	resistant
1313.11529	resistant
1313.10365	resistant
1313.11288	resistant
1313.10460	resistant
1313.11268	resistant
1313.9984	resistant
1313.11540	resistant
1313.11172	resistant
1313.12959	resistant
1313.10798	resistant
1313.11913	resistant
1313.10882	resistant
1313.10840	resistant
1313.10780	resistant
1313.11606	resistant
1313.10111	resistant
1313.11233	resistant
1313.10185	resistant
1313.10230	resistant
1313.10344	resistant
1313.10416	resistant
1313.10938	resistant
1313.11266	resistant
1313.11758	resistant
1313.10386	resistant
1313.12939	resistant
1313.10657	resistant
1313.11980	resistant
1313.10512	resistant
1313.11186	resistant
1313.10547	resistant
1313.11810	resistant
1313.10819	resistant
1313.11316	resistant
1313.11584	resistant
1313.10991	resistant
1313.12413	resistant
1313.11872	resistant
1313.11138	resistant
1313.10664	resistant
1313.9996	resistant
1313.9995	resistant
1313.11404	resistant
1313.11223	resistant
1313.11109	resistant
1313.10445	resistant
1313.12934	resistant
1313.10970	resistant
1313.10313	resistant
1313.10211	resistant
1313.10237	resistant
1313.11527	resistant
1313.10513	resistant
1313.11684	resistant
1313.11732	resistant
1313.11445	resistant
1313.10498	resistant
1313.10184	resistant
1313.10108	resistant
1313.10120	resistant
1313.11025	resistant
1313.11068	resistant
1313.13026	resistant
1313.13007	resistant
1313.11177	resistant
1313.10262	resistant
1313.12961	resistant
1313.10276	resistant
1313.11465	resistant
1313.10943	resistant
1313.10295	resistant
1313.11538	resistant
1313.10394	resistant
1313.10960	resistant
1313.10436	resistant
1313.10906	resistant
1313.12922	resistant
1313.13035	resistant
1313.10644	resistant
1313.11066	resistant
1313.11875	resistant
1313.10628	resistant
1313.13001	resistant
1313.10678	resistant
1313.10360	resistant
1313.11376	resistant
1313.11208	resistant
1313.11322	resistant
1313.10355	resistant
1313.10730	resistant
1313.10953	resistant
1313.11919	resistant
1313.11272	resistant
1313.11388	resistant
1313.10985	resistant
1313.10862	resistant
1313.11742	resistant
1313.12965	resistant
1313.10495	resistant
1313.10113	resistant
1313.10650	resistant
1313.11511	resistant
1313.11626	resistant
1313.10246	resistant
1313.10534	resistant
1313.10031	resistant
1313.13038	resistant
1313.10717	resistant
1313.10894	resistant
1313.12992	resistant
1313.12989	resistant
1313.13028	resistant
1313.10326	resistant
1313.13024	resistant
1313.11375	resistant
1313.10709	resistant
1313.10849	resistant
1313.12945	resistant
1313.10176	resistant
1313.11509	resistant
1313.10948	resistant
1313.11697	resistant
1313.10145	resistant
1313.13050	resistant
1313.10267	resistant
1313.10358	resistant
1313.11622	resistant
1313.10872	resistant
1313.12949	resistant
1313.10741	resistant
1313.13010	resistant
1313.12950	resistant
1313.11024	resistant
1313.13012	resistant
1313.11783	resistant
1313.11084	resistant
1313.12931	resistant
1313.11379	resistant
1313.11195	resistant
1313.12519	resistant
1313.10593	resistant
1313.10851	resistant
1313.10110	resistant
1313.11640	resistant
1313.11932	resistant
1313.11553	resistant
1313.11095	resistant
1313.9986	resistant
1313.13002	resistant
1313.11306	resistant
1313.11371	resistant
1313.10139	resistant
1313.10517	resistant
1313.10449	resistant
1313.10937	resistant
1313.10613	resistant
1313.9991	resistant
1313.11262	resistant
1313.10850	resistant
1313.10068	resistant
1313.12995	resistant
1313.10919	resistant
1313.12980	resistant
1313.11790	resistant
1313.11282	resistant
1313.10707	resistant
1313.10596	resistant
1313.10131	resistant
1313.11722	resistant
1313.11926	resistant
1313.10555	resistant
1313.11605	resistant
1313.10878	resistant
1313.11771	resistant
1313.10056	resistant
1313.11830	resistant
1313.11429	resistant
1313.10000	resistant
1313.10321	resistant
1313.11539	resistant
1313.11464	resistant
1313.11290	resistant
1313.10035	resistant
1313.10765	resistant
1313.13036	resistant
1313.10060	resistant
1313.11478	resistant
1313.13005	resistant
1313.11171	resistant
1313.10461	resistant
1313.10848	resistant
1313.12996	resistant
1313.10298	resistant
1313.13053	resistant
1313.10572	resistant
1313.11845	resistant
1313.13049	resistant
1313.12924	resistant
1313.12441	resistant
1313.10332	resistant
1313.13017	resistant
1313.10980	resistant
1313.10311	resistant
1313.13006	resistant
1313.11318	resistant
1313.11364	resistant
1313.10975	resistant
1313.10526	resistant
1313.10735	resistant
1313.11587	resistant
1313.10241	resistant
1313.11782	resistant
1313.10899	resistant
1313.10354	resistant
1313.11542	resistant
1313.11118	resistant
1313.11174	resistant
1313.10315	resistant
1313.11766	resistant
1313.10159	resistant
1313.11158	resistant
1313.11571	resistant
1313.13008	resistant
1313.10028	resistant
1313.11702	resistant
1313.11366	resistant
1313.10102	resistant
1313.12498	resistant
1313.11263	resistant
1313.13020	resistant
1313.10606	resistant
1313.11312	resistant
1313.11791	resistant
1313.11963	resistant
1313.11806	resistant
1313.12932	resistant
1313.10367	resistant
1313.12983	resistant
1313.10227	resistant
1313.10518	resistant
1313.11154	resistant
1313.11007	resistant
1313.11151	resistant
1313.11341	resistant
1313.10301	resistant
1313.10599	resistant
1313.10027	resistant
1313.10666	resistant
1313.11231	resistant
1313.10967	resistant
1313.10696	resistant
1313.10914	resistant
1313.10879	resistant
1313.11103	resistant
1313.11920	resistant
1313.12943	resistant
1313.10803	resistant
1313.10397	resistant
1313.12955	resistant
1313.12988	resistant
1313.13018	resistant
1313.11286	resistant
1313.10132	resistant
1313.10095	resistant
1313.10979	resistant
1313.11045	resistant
1313.11360	resistant
1313.10225	resistant
1313.11656	resistant
1313.10375	resistant
1313.11468	resistant
1313.12997	resistant
1313.11410	resistant
1313.10016	resistant
1313.11576	resistant
1313.10721	resistant
1313.10442	resistant
1313.11957	resistant
1313.11642	resistant
1313.10675	resistant
1313.10421	resistant
1313.10144	resistant
1313.11392	resistant
1313.11899	resistant
1313.10127	resistant
1313.11682	resistant
1313.11307	resistant
1313.10889	resistant
1313.13021	resistant
1313.11293	resistant
1313.10487	resistant
1313.11357	resistant
1313.10414	resistant
1313.11649	resistant
1313.11614	resistant
1313.11961	resistant
1313.10546	resistant
1313.11948	resistant
1313.11034	resistant
1313.10722	resistant
1313.11683	resistant
1313.10646	resistant
1313.10007	resistant
1313.11452	resistant
1313.11856	resistant
1313.10213	resistant
1313.10810	resistant
1313.12451	resistant
1313.10356	resistant
1313.11399	resistant
1313.11021	resistant
1313.11011	resistant
1313.10542	resistant
1313.10573	resistant
1313.11731	resistant
1313.13023	resistant
1313.13022	resistant
1313.10434	resistant
1313.12469	resistant
1313.9992	resistant
1313.10279	resistant
1313.11142	resistant
1313.11970	resistant
1313.10670	resistant
1313.10023	resistant
1313.11803	resistant
1313.11416	resistant
1313.10607	resistant
1313.12998	resistant
1313.11809	resistant
1313.11048	resistant
1313.12982	resistant
1313.12981	resistant
1313.12935	resistant
1313.10041	resistant
1313.10525	resistant
1313.10383	resistant
1313.12595	resistant
1313.12586	resistant
1313.12354	resistant
1313.11338	resistant
1313.12287	resistant
1313.11551	resistant
1313.12243	resistant
1313.12131	resistant
1313.12163	resistant
1313.11951	resistant
1313.11547	resistant
1313.11423	resistant
1313.12101	resistant
1313.12515	resistant
1313.12259	resistant
1313.12139	resistant
1313.12390	resistant
1313.10337	resistant
1313.12383	resistant
1313.12672	resistant
1313.12662	resistant
1313.12360	resistant
1313.12514	resistant
1313.11543	resistant
1313.12585	resistant
1313.12640	resistant
1313.12251	resistant
1313.11849	resistant
1313.12178	resistant
1313.11762	resistant
1313.12081	resistant
1313.11831	resistant
1313.11442	resistant
1313.12615	resistant
1313.12097	resistant
1313.12209	resistant
1313.11998	resistant
1313.12563	resistant
1313.12664	resistant
1313.12346	resistant
1313.11427	resistant
1313.12678	resistant
1313.12135	resistant
1313.12516	resistant
1313.12183	resistant
1313.11992	resistant
1313.12203	resistant
1313.12569	resistant
1313.12573	resistant
1313.12665	resistant
1313.12657	resistant
1313.12663	resistant
1313.12318	resistant
1313.12669	resistant
1313.12273	resistant
1313.12099	resistant
1313.12364	resistant
1313.12556	resistant
1313.12340	resistant
1313.11999	resistant
1313.12240	resistant
1313.12628	resistant
1313.12222	resistant
1313.12679	resistant
1313.12236	resistant
1313.11973	resistant
1313.12668	resistant
1313.10731	resistant
1313.11562	resistant
1313.12317	resistant
1313.12631	resistant
1313.12337	resistant
1313.12161	resistant
1313.6428	resistant
1313.12594	resistant
1313.12671	resistant
1313.12328	resistant
1313.12583	resistant
1313.12608	resistant
1313.12614	resistant
1313.12247	resistant
1313.12540	resistant
1313.12283	resistant
1313.12549	resistant
1313.10359	resistant
1313.11987	resistant
1313.12200	resistant
1313.12305	resistant
1313.12349	resistant
1313.12098	resistant
1313.11449	resistant
1313.10854	resistant
1313.10601	resistant
1313.12056	resistant
1313.12235	resistant
1313.12061	resistant
1313.12630	resistant
1313.13059	resistant
1313.12675	resistant
1313.12279	resistant
1313.10447	resistant
1313.10968	resistant
1313.12587	resistant
1313.10618	resistant
1313.11317	resistant
1313.12626	resistant
1313.12106	resistant
1313.12334	resistant
1313.11768	resistant
1313.10440	resistant
1313.11653	resistant
1313.12297	resistant
1313.12245	resistant
1313.12553	resistant
1313.12674	resistant
1313.12539	resistant
1313.12384	resistant
1313.12551	resistant
1313.12543	resistant
1313.12557	resistant
1313.12252	resistant
1313.12513	resistant
1313.11844	resistant
1313.11898	resistant
1313.12276	resistant
1313.11601	resistant
1313.12052	resistant
1313.12547	resistant
1313.12647	resistant
1313.12241	resistant
1313.12619	resistant
1313.10871	resistant
1313.11878	resistant
1313.12292	resistant
1313.12316	resistant
1313.12034	resistant
1313.11671	resistant
1313.12066	resistant
1313.12536	resistant
1313.12544	resistant
1313.12205	resistant
1313.12644	resistant
1313.12046	resistant
1313.11984	resistant
1313.11352	resistant
1313.11518	resistant
1313.11953	resistant
1313.12367	resistant
1313.11822	resistant
1313.12572	resistant
1313.12118	resistant
1313.13069	resistant
1313.12382	resistant
1313.11544	resistant
1313.10205	resistant
1313.10137	resistant
1313.10148	resistant
1313.10695	resistant
1313.10048	resistant
1313.11192	resistant
1313.10910	resistant
1313.11706	resistant
1313.10689	resistant
1313.11575	resistant
1313.11911	resistant
1313.12532	resistant
1313.11058	resistant
1313.10909	resistant
1313.11829	resistant
1313.10497	resistant
1313.10510	resistant
1313.12538	resistant
1313.11910	resistant
1313.10468	resistant
1313.10044	resistant
1313.12578	resistant
1313.10385	resistant
1313.10271	resistant
1313.10922	resistant
1313.12605	resistant
1313.12523	resistant
1313.11882	resistant
1313.11179	resistant
1313.10557	resistant
1313.11033	resistant
1313.10064	resistant
1313.11127	resistant
1313.10370	resistant
1313.10681	resistant
1313.10228	resistant
1313.12655	resistant
1313.11598	resistant
1313.10147	resistant
1313.12616	resistant
1313.10429	resistant
1313.11297	resistant
1313.12634	resistant
1313.12167	resistant
1313.12307	resistant
1313.12411	resistant
1313.11993	resistant
1313.11876	resistant
1313.12656	resistant
1313.12642	resistant
1313.12256	resistant
1313.12151	resistant
1313.12593	resistant
1313.10686	resistant
1313.10815	resistant
1313.10119	resistant
1313.12639	resistant
1313.11319	resistant
1313.12601	resistant
1313.12598	resistant
1313.12590	resistant
1313.10005	resistant
1313.10443	resistant
1313.12653	resistant
1313.10659	resistant
1313.10904	resistant
1313.12632	resistant
1313.10051	resistant
1313.10235	resistant
1313.11644	resistant
1313.10827	resistant
1313.10381	resistant
1313.10197	resistant
1313.10078	resistant
1313.10254	resistant
1313.10481	resistant
1313.10527	resistant
1313.11365	resistant
1313.12629	resistant
1313.12376	resistant
1313.12521	resistant
1313.12545	resistant
1313.12289	resistant
1313.12558	resistant
1313.11234	resistant
1313.12570	resistant
1313.12571	resistant
1313.12580	resistant
1313.11524	resistant
1313.11661	resistant
1313.10318	resistant
1313.12687	resistant
1313.11381	resistant
1313.11362	resistant
1313.12303	resistant
1313.11613	resistant
1313.11421	resistant
1313.12275	resistant
1313.12036	resistant
1313.12542	resistant
1313.12127	resistant
1313.12137	resistant
1313.10742	resistant
1313.11838	resistant
1313.12323	resistant
1313.11934	resistant
1313.10552	resistant
1313.12216	resistant
1313.12522	resistant
1313.11685	resistant
1313.11811	resistant
1313.12015	resistant
1313.12176	resistant
1313.12016	resistant
1313.12280	resistant
1313.11245	resistant
1313.11193	resistant
1313.9998	resistant
1313.11498	resistant
1313.10641	resistant
1313.10853	resistant
1313.12685	resistant
1313.12528	resistant
1313.11320	resistant
1313.10266	resistant
1313.12596	resistant
1313.10243	resistant
1313.10191	resistant
1313.11419	resistant
1313.10692	resistant
1313.10617	resistant
1313.12649	resistant
1313.10946	resistant
1313.10677	resistant
1313.12070	resistant
1313.12029	resistant
1313.12032	resistant
1313.11350	resistant
1313.12691	resistant
1313.12062	resistant
1313.12658	resistant
1313.10537	resistant
1313.12254	resistant
1313.11167	resistant
1313.12379	resistant
1313.12646	resistant
1313.12641	resistant
1313.12027	resistant
1313.12618	resistant
1313.12294	resistant
1313.12132	resistant
1313.11251	resistant
1313.13061	resistant
1313.10590	resistant
1313.10530	resistant
1313.11865	resistant
1313.11190	resistant
1313.12445	resistant
1313.11818	resistant
1313.11134	resistant
1313.12467	resistant
1313.11008	resistant
1313.11941	resistant
1313.10249	resistant
1313.11238	resistant
1313.11439	resistant
1313.10303	resistant
1313.11738	resistant
1313.12407	resistant
1313.10782	resistant
1313.11480	resistant
1313.12474	resistant
1313.10500	resistant
1313.12422	resistant
1313.10795	resistant
1313.11280	resistant
1313.10808	resistant
1313.10683	resistant
1313.12416	resistant
1313.10277	resistant
1313.12437	resistant
1313.10322	resistant
1313.10940	resistant
1313.10476	resistant
1313.10971	resistant
1313.11686	resistant
1313.10038	resistant
1313.10984	resistant
1313.10175	resistant
1313.10703	resistant
1313.10417	resistant
1313.12493	resistant
1313.11039	resistant
1313.12475	resistant
1313.10831	resistant
1313.11526	resistant
1313.11300	resistant
1313.10199	resistant
1313.11279	resistant
1313.12440	resistant
1313.12462	resistant
1313.10874	resistant
1313.11163	resistant
1313.10174	resistant
1313.12530	resistant
1313.10158	resistant
1313.11672	resistant
1313.12472	resistant
1313.10602	resistant
1313.10578	resistant
1313.11897	resistant
1313.10832	resistant
1313.10361	resistant
1313.12487	resistant
1313.12482	resistant
1313.11983	resistant
1313.10274	resistant
1313.12505	resistant
1313.11437	resistant
1313.12430	resistant
1313.10502	resistant
1313.10154	resistant
1313.11097	resistant
1313.10291	resistant
1313.12483	resistant
1313.11548	resistant
1313.10395	resistant
1313.12426	resistant
1313.10877	resistant
1313.10353	resistant
1313.11038	resistant
1313.11687	resistant
1313.11841	resistant
1313.11799	resistant
1313.11842	resistant
1313.13029	resistant
1313.10668	resistant
1313.11072	resistant
1313.13037	resistant
1313.10793	resistant
1313.13045	resistant
1313.11643	resistant
1313.10888	resistant
1313.10698	resistant
1313.10574	resistant
1313.11946	resistant
1313.12456	resistant
1313.10379	resistant
1313.11184	resistant
1313.11117	resistant
1313.10978	resistant
1313.10112	resistant
1313.11905	resistant
1313.10099	resistant
1313.11814	resistant
1313.10749	resistant
1313.13019	resistant
1313.10540	resistant
1313.13032	resistant
1313.10701	resistant
1313.10584	resistant
1313.10939	resistant
1313.13046	resistant
1313.11508	resistant
1313.11194	resistant
1313.11491	resistant
1313.11713	resistant
1313.13016	resistant
1313.11763	resistant
1313.11886	resistant
1313.11329	resistant
1313.10682	resistant
1313.10362	resistant
1313.10075	resistant
1313.10625	resistant
1313.10556	resistant
1313.10170	resistant
1313.10608	resistant
1313.12449	resistant
1313.12525	resistant
1313.11956	resistant
1313.11098	resistant
1313.10883	resistant
1313.10755	resistant
1313.10647	resistant
1313.10568	resistant
1313.13054	resistant
1313.11944	resistant
1313.10635	resistant
1313.10570	resistant
1313.11457	resistant
1313.13039	resistant
1313.11976	resistant
1313.13030	resistant
1313.11700	resistant
1313.10942	resistant
1313.10976	resistant
1313.10605	resistant
1313.10316	resistant
1313.10162	resistant
1313.10290	resistant
1313.10807	resistant
1313.11244	resistant
1313.13043	resistant
1313.10923	resistant
1313.13057	resistant
1313.10665	resistant
1313.10346	resistant
1313.10284	resistant
1313.10465	resistant
1313.12584	resistant
1313.12122	resistant
1313.12609	resistant
1313.12604	resistant
1313.12080	resistant
1313.12508	resistant
1313.11331	resistant
1313.12683	resistant
1313.12234	resistant
1313.11991	resistant
1313.12133	resistant
1313.12670	resistant
1313.11044	resistant
1313.11835	resistant
1313.10129	resistant
1313.12332	resistant
1313.10380	resistant
1313.12504	resistant
1313.10401	resistant
1313.10915	resistant
1313.10278	resistant
1313.9977	resistant
1313.9988	resistant
1313.9978	resistant
1313.11402	resistant
1313.9980	resistant
1313.12102	resistant
1313.12389	resistant
1313.12388	resistant
1313.12418	resistant
1313.12464	resistant
1313.12468	resistant
1313.12561	resistant
1313.12566	resistant
1313.12082	resistant
1313.12068	resistant
1313.12120	resistant
1313.11676	resistant
1313.11997	resistant
1313.12072	resistant
1313.13060	resistant
1313.12512	resistant
1313.11906	resistant
1313.13058	resistant
1313.12091	resistant
1313.12666	resistant
1313.11481	resistant
1313.11593	resistant
1313.13067	resistant
1313.10223	resistant
1313.13066	resistant
1313.12067	resistant
1313.12162	resistant
1313.12581	resistant
1313.12309	resistant
1313.12535	resistant
1313.12546	resistant
1313.12198	resistant
1313.11086	resistant
1313.12387	resistant
1313.12507	resistant
1313.11703	resistant
1313.12503	resistant
1313.12607	resistant
1313.12373	resistant
1313.12165	resistant
1313.12541	resistant
1313.12301	resistant
1313.11789	resistant
1313.12575	resistant
1313.12112	resistant
1313.12039	resistant
1313.10193	resistant
1313.10430	resistant
1313.11708	resistant
1313.10800	resistant
1313.12432	resistant
1313.12435	resistant
1313.10486	resistant
1313.11569	resistant
1313.10925	resistant
1313.11688	resistant
1313.11586	resistant
1313.10342	resistant
1313.11894	resistant
1313.10349	resistant
1313.11153	resistant
1313.12438	resistant
1313.10896	resistant
1313.12444	resistant
1313.12447	resistant
1313.11347	resistant
1313.11461	resistant
1313.11866	resistant
1313.11858	resistant
1313.12531	resistant
1313.10105	resistant
1313.10250	resistant
1313.11450	resistant
1313.11681	resistant
1313.11067	resistant
1313.12429	resistant
1313.11213	resistant
1313.10066	resistant
1313.12431	resistant
1313.10133	resistant
1313.10637	resistant
1313.12457	resistant
1313.12460	resistant
1313.12453	resistant
1313.10079	resistant
1313.10680	resistant
1313.12478	resistant
1313.12486	resistant
1313.12494	resistant
1313.11205	resistant
1313.11228	resistant
1313.10928	resistant
1313.11573	resistant
1313.11063	resistant
1313.10437	resistant
1313.10490	resistant
1313.12500	resistant
1313.10407	resistant
1313.10649	resistant
1313.10639	resistant
1313.11767	resistant
1313.12501	resistant
1313.10865	resistant
1313.12484	resistant
1313.10053	resistant
1313.11333	resistant
1313.10579	resistant
1313.11525	resistant
1313.10126	resistant
1313.11129	resistant
1313.10082	resistant
1313.11168	resistant
1313.12450	resistant
1313.10200	resistant
1313.10642	resistant
1313.11975	resistant
1313.10901	resistant
1313.10611	resistant
1313.11016	resistant
1313.10423	resistant
1313.10643	resistant
1313.12465	resistant
1313.10363	resistant
1313.12976	resistant
1313.12433	resistant
1313.11243	resistant
1313.12274	resistant
1313.12781	resistant
1313.11689	resistant
1313.12719	resistant
1313.12267	resistant
1313.12810	resistant
1313.12773	resistant
1313.12802	resistant
1313.12355	resistant
1313.10441	resistant
1313.10794	resistant
1313.11812	resistant
1313.12231	resistant
1313.12248	resistant
1313.12825	resistant
1313.11345	resistant
1313.11627	resistant
1313.12820	resistant
1313.12049	resistant
1313.12425	resistant
1313.12775	resistant
1313.11724	resistant
1313.11747	resistant
1313.12342	resistant
1313.12147	resistant
1313.12792	resistant
1313.11271	resistant
1313.12760	resistant
1313.12035	resistant
1313.12219	resistant
1313.11610	resistant
1313.12107	resistant
1313.12819	resistant
1313.12220	resistant
1313.12758	resistant
1313.12747	resistant
1313.11448	resistant
1313.10869	resistant
1313.12037	resistant
1313.12089	resistant
1313.10704	resistant
1313.12455	resistant
1313.11744	resistant
1313.12800	resistant
1313.12025	resistant
1313.11337	resistant
1313.11335	resistant
1313.12302	resistant
1313.10687	resistant
1313.11774	resistant
1313.12116	resistant
1313.12788	resistant
1313.10875	resistant
1313.12358	resistant
1313.12702	resistant
1313.12709	resistant
1313.12048	resistant
1313.12717	resistant
1313.11972	resistant
1313.12069	resistant
1313.10950	resistant
1313.12712	resistant
1313.12753	resistant
1313.11398	resistant
1313.11620	resistant
1313.12356	resistant
1313.12736	resistant
1313.12526	resistant
1313.10426	resistant
1313.11219	resistant
1313.12190	resistant
1313.12269	resistant
1313.12268	resistant
1313.10986	resistant
1313.12813	resistant
1313.12804	resistant
1313.10161	resistant
1313.12723	resistant
1313.12722	resistant
1313.12711	resistant
1313.11028	resistant
1313.11202	resistant
1313.11877	resistant
1313.10157	resistant
1313.12088	resistant
1313.11977	resistant
1313.10221	resistant
1313.11989	resistant
1313.11422	resistant
1313.11181	resistant
1313.11692	resistant
1313.12799	resistant
1313.12124	resistant
1313.10010	resistant
1313.11415	resistant
1313.10178	resistant
1313.11604	resistant
1313.10002	resistant
1313.12748	resistant
1313.12737	resistant
1313.10462	resistant
1313.12830	resistant
1313.10528	resistant
1313.10830	resistant
1313.11657	resistant
1313.10452	resistant
1313.11433	resistant
1313.11690	resistant
1313.12815	resistant
1313.11166	resistant
1313.12785	resistant
1313.11057	resistant
1313.12774	resistant
1313.12726	resistant
1313.12716	resistant
1313.12192	resistant
1313.12369	resistant
1313.12693	resistant
1313.12703	resistant
1313.11580	resistant
1313.11424	resistant
1313.11492	resistant
1313.11996	resistant
1313.12148	resistant
1313.10992	resistant
1313.11497	resistant
1313.11677	resistant
1313.11395	resistant
1313.12729	resistant
1313.11725	resistant
1313.12343	resistant
1313.12092	resistant
1313.12004	resistant
1313.12363	resistant
1313.11990	resistant
1313.12786	resistant
1313.11054	resistant
1313.11455	resistant
1313.11646	resistant
1313.12096	resistant
1313.12197	resistant
1313.11718	resistant
1313.12022	resistant
1313.12768	resistant
1313.12143	resistant
1313.12339	resistant
1313.12763	resistant
1313.12105	resistant
1313.11659	resistant
1313.12008	resistant
1313.12806	resistant
1313.12769	resistant
1313.12732	resistant
1313.12217	resistant
1313.12042	resistant
1313.12327	resistant
1313.12075	resistant
1313.10828	resistant
1313.12794	resistant
1313.11909	resistant
1313.11698	resistant
1313.12078	resistant
1313.11930	resistant
1313.12371	resistant
1313.12300	resistant
1313.12734	resistant
1313.12762	resistant
1313.10090	resistant
1313.11618	resistant
1313.12696	resistant
1313.11309	resistant
1313.10714	resistant
1313.11130	resistant
1313.10251	resistant
1313.11185	resistant
1313.10418	resistant
1313.12695	resistant
1313.11276	resistant
1313.12158	resistant
1313.10750	resistant
1313.10653	resistant
1313.12221	resistant
1313.12026	resistant
1313.12706	resistant
1313.11780	resistant
1313.11770	resistant
1313.12728	resistant
1313.12731	resistant
1313.12353	resistant
1313.12779	resistant
1313.11512	resistant
1313.12293	resistant
1313.12153	resistant
1313.10496	resistant
1313.11162	resistant
1313.12175	resistant
1313.12333	resistant
1313.12909	resistant
1313.11327	resistant
1313.12320	resistant
1313.12836	resistant
1313.11397	resistant
1313.10282	resistant
1313.12402	resistant
1313.12140	resistant
1313.12745	resistant
1313.12277	resistant
1313.10694	resistant
1313.12157	resistant
1313.12051	resistant
1313.11850	resistant
1313.11390	resistant
1313.11839	resistant
1313.12282	resistant
1313.11673	resistant
1313.11567	resistant
1313.12345	resistant
1313.10563	resistant
1313.12225	resistant
1313.12083	resistant
1313.12295	resistant
1313.12754	resistant
1313.12766	resistant
1313.11382	resistant
1313.11693	resistant
1313.12707	resistant
1313.10533	resistant
1313.11834	resistant
1313.11988	resistant
1313.10550	resistant
1313.11089	resistant
1313.11714	resistant
1313.12797	resistant
1313.12783	resistant
1313.12403	resistant
1313.12238	resistant
1313.12019	resistant
1313.10459	resistant
1313.12017	resistant
1313.12378	resistant
1313.12368	resistant
1313.12262	resistant
1313.12188	resistant
1313.12084	resistant
1313.11533	resistant
1313.12130	resistant
1313.10390	resistant
1313.12697	resistant
1313.12372	resistant
1313.11359	resistant
1313.11140	resistant
1313.10094	resistant
1313.12229	resistant
1313.12713	resistant
1313.10187	resistant
1313.11635	resistant
1313.12698	resistant
1313.12708	resistant
1313.11890	resistant
1313.11652	resistant
1313.12739	resistant
1313.12043	resistant
1313.12470	resistant
1313.12079	resistant
1313.12071	resistant
1313.10818	resistant
1313.11022	resistant
1313.10372	resistant
1313.10797	resistant
1313.10425	resistant
1313.10900	resistant
1313.11964	resistant
1313.12776	resistant
1313.12490	resistant
1313.10638	resistant
1313.11974	resistant
1313.11183	resistant
1313.10143	resistant
1313.10710	resistant
1313.11137	resistant
1313.11931	resistant
1313.12114	resistant
1313.12816	resistant
1313.12410	resistant
1313.11900	resistant
1313.12154	resistant
1313.12271	resistant
1313.10789	resistant
1313.12401	resistant
1313.12044	resistant
1313.12145	resistant
1313.12397	resistant
1313.10516	resistant
1313.12770	resistant
1313.12077	resistant
1313.12006	resistant
1313.12103	resistant
1313.12330	resistant
1313.12399	resistant
1313.11108	resistant
1313.11520	resistant
1313.10781	resistant
1313.11572	resistant
1313.11299	resistant
1313.12689	resistant
1313.12012	resistant
1313.10345	resistant
1313.12684	resistant
1313.11052	resistant
1313.13063	resistant
1313.11112	resistant
1313.11679	resistant
1313.12635	resistant
1313.12643	resistant
1313.11955	resistant
1313.12201	resistant
1313.12308	resistant
1313.12023	resistant
1313.12028	resistant
1313.11514	resistant
1313.12568	resistant
1313.7018	resistant
1313.10456	resistant
1313.12391	resistant
1313.12633	resistant
1313.12564	resistant
1313.12537	resistant
1313.12533	resistant
1313.12552	resistant
1313.11808	resistant
1313.12690	resistant
1313.13064	resistant
1313.12055	resistant
1313.10232	resistant
1313.13065	resistant
1313.13070	resistant
1313.12047	resistant
1313.12125	resistant
1313.12076	resistant
1313.11436	resistant
1313.12637	resistant
1313.11145	resistant
1313.12306	resistant
1313.12180	resistant
1313.12338	resistant
1313.10767	resistant
1313.11570	resistant
1313.11889	resistant
1313.12141	resistant
1313.12193	resistant
1313.12627	resistant
1313.12495	resistant
1313.12606	resistant
1313.11407	resistant
1313.12600	resistant
1313.10858	resistant
1313.7016	resistant
1313.12648	resistant
1313.12659	resistant
1313.12592	resistant
1313.12591	resistant
1313.11346	resistant
1313.12005	resistant
1313.12126	resistant
1313.11940	resistant
1313.11160	resistant
1313.11143	resistant
1313.12204	resistant
1313.12599	resistant
1313.11707	resistant
1313.12206	resistant
1313.11590	resistant
1313.11363	resistant
1313.12660	resistant
1313.11752	resistant
1313.7010	resistant
1313.7006	resistant
1105120.3	resistant
760777.3	resistant
760778.3	resistant
760779.3	resistant
760780.3	resistant
760781.3	resistant
760785.3	resistant
760790.3	resistant
760786.3	resistant
886289.3	resistant
760791.3	resistant
760792.3	resistant
760795.3	resistant
760797.3	resistant
760799.3	resistant
760801.3	resistant
760776.3	resistant
760802.3	resistant
760747.3	resistant
760770.3	resistant
760745.3	resistant
1069624.3	resistant
760746.3	resistant
1069627.3	resistant
760748.3	resistant
760749.3	resistant
1069623.3	resistant
760756.3	resistant
760758.3	resistant
1069628.3	resistant
760763.3	resistant
760764.3	resistant
760765.3	resistant
760766.3	resistant
760769.3	resistant
760771.3	resistant
1313.12603	resistant
760804.3	resistant
760808.3	resistant
760837.3	resistant
760843.3	resistant
760844.3	resistant
760845.3	resistant
760847.3	resistant
760851.3	resistant
760854.3	resistant
760855.3	resistant
760856.3	resistant
760858.3	resistant
760859.3	resistant
1105116.3	resistant
1105118.3	resistant
1105121.3	resistant
1105119.3	resistant
760834.3	resistant
760805.3	resistant
760831.3	resistant
760827.3	resistant
760809.3	resistant
760811.3	resistant
760812.3	resistant
760813.3	resistant
760814.3	resistant
760815.3	resistant
760816.3	resistant
760817.3	resistant
760818.3	resistant
760820.3	resistant
760822.3	resistant
760823.3	resistant
760824.3	resistant
760825.3	resistant
760826.3	resistant
760828.3	resistant
1313.10536	resistant
1313.11895	resistant
1313.12224	resistant
1313.12150	resistant
1313.12746	resistant
1313.12374	resistant
1313.12375	resistant
1313.10732	resistant
1313.11995	resistant
1313.12348	resistant
1313.12715	resistant
1313.10837	resistant
1313.11175	resistant
1313.12286	resistant
1313.10676	resistant
1313.12011	resistant
1313.11595	resistant
1313.12826	resistant
1313.12166	resistant
1313.12822	resistant
1313.12714	resistant
1313.12767	resistant
1313.12452	resistant
1313.12058	resistant
1313.11650	resistant
1313.12828	resistant
1313.12818	resistant
1313.12299	resistant
1313.12115	resistant
1313.12350	resistant
1313.12803	resistant
1313.10823	resistant
1313.12741	resistant
1313.12265	resistant
1313.12159	resistant
1313.12319	resistant
1313.11666	resistant
1313.11817	resistant
1313.11523	resistant
1313.12821	resistant
1313.12724	resistant
1313.11207	resistant
1313.11264	resistant
1313.12795	resistant
1313.11733	resistant
1313.11342	resistant
1313.11994	resistant
1313.11009	resistant
1313.12266	resistant
1313.12742	resistant
1313.11104	resistant
1313.11721	resistant
1313.12119	resistant
1313.12146	resistant
1313.12214	resistant
1313.12743	resistant
1313.12750	resistant
1313.12380	resistant
1313.11253	resistant
1313.12020	resistant
1313.10485	resistant
1313.12064	resistant
1313.12142	resistant
1313.12778	resistant
1313.12059	resistant
1313.12093	resistant
1313.12827	resistant
1313.11794	resistant
1313.12213	resistant
1313.10484	resistant
1313.12735	resistant
1313.11591	resistant
1313.12261	resistant
1313.11971	resistant
1313.12798	resistant
1313.11969	resistant
1313.12018	resistant
1313.12246	resistant
1313.12212	resistant
1313.12565	resistant
1313.11155	resistant
1313.12661	resistant
1313.12100	resistant
1313.12186	resistant
1313.11550	resistant
1313.12677	resistant
1313.12692	resistant
1313.10734	resistant
1313.12550	resistant
1313.12000	resistant
1313.12560	resistant
1313.12054	resistant
1313.12281	resistant
1313.11936	resistant
1313.10009	resistant
1313.11225	resistant
1313.12033	resistant
1313.12065	resistant
1313.12113	resistant
1313.11330	resistant
1313.12121	resistant
1313.12650	resistant
1313.10369	resistant
1313.12196	resistant
1313.11387	resistant
1313.12597	resistant
1313.12610	resistant
1313.10098	resistant
1313.12194	resistant
1313.11630	resistant
1313.12040	resistant
1313.12636	resistant
1313.12325	resistant
1313.11867	resistant
1313.12311	resistant
1313.12228	resistant
1313.11917	resistant
1313.11853	resistant
1313.12744	resistant
1313.12740	resistant
1313.12365	resistant
1313.12169	resistant
1313.12085	resistant
1313.10718	resistant
1313.10587	resistant
1313.12385	resistant
1313.12756	resistant
1313.12752	resistant
1313.12181	resistant
1313.11479	resistant
1313.11805	resistant
1313.11091	resistant
1313.12796	resistant
1313.12548	resistant
1313.12787	resistant
1313.11053	resistant
1313.12694	resistant
1313.12053	resistant
1313.12321	resistant
1313.11178	resistant
1313.12335	resistant
1313.11597	resistant
1313.12357	resistant
1313.11258	resistant
1313.11477	resistant
1313.12699	resistant
1313.11428	resistant
1313.12095	resistant
1313.12284	resistant
1313.12361	resistant
1313.11237	resistant
1313.12087	resistant
1313.11249	resistant
1313.11914	resistant
1313.11139	resistant
1313.10778	resistant
1313.10466	resistant
1313.11541	resistant
1313.11638	resistant
1313.10836	resistant
1313.10541	resistant
1313.10743	resistant
1313.10917	resistant
1313.10450	resistant
1313.10399	resistant
1313.10759	resistant
1313.10033	resistant
1313.11869	resistant
1313.11146	resistant
1313.10873	resistant
1313.11663	resistant
1313.12858	resistant
1313.11715	resistant
1313.10244	resistant
1313.10529	resistant
1313.11384	resistant
1313.12446	resistant
1313.10012	resistant
1313.10036	resistant
1313.10045	resistant
1313.11269	resistant
1313.12448	resistant
1313.10063	resistant
1313.11884	resistant
1313.11749	resistant
1313.10188	resistant
1313.11501	resistant
1313.11128	resistant
1313.12936	resistant
1313.10334	resistant
1313.10017	resistant
1313.11607	resistant
1313.10222	resistant
1313.11432	resistant
1313.11344	resistant
1313.10817	resistant
1313.10261	resistant
1313.11621	resistant
1313.10181	resistant
1313.10772	resistant
1313.10376	resistant
1313.12968	resistant
1313.11378	resistant
1313.10629	resistant
1313.10084	resistant
1313.10535	resistant
1313.12582	resistant
1313.12929	resistant
1313.10597	resistant
1313.10233	resistant
1313.11036	resistant
1313.11061	resistant
1313.10564	resistant
1313.10183	resistant
1313.12492	resistant
1313.12951	resistant
1313.11788	resistant
1313.10478	resistant
1313.11369	resistant
1313.11510	resistant
1313.10758	resistant
1313.10173	resistant
1313.10598	resistant
1313.11005	resistant
1313.11728	resistant
1313.10458	resistant
1313.10658	resistant
1313.10196	resistant
1313.10136	resistant
1313.11247	resistant
1313.12518	resistant
1313.10762	resistant
1313.10770	resistant
1313.10783	resistant
1313.10255	resistant
1313.10539	resistant
1313.10149	resistant
1313.11078	resistant
1313.10085	resistant
1313.11267	resistant
1313.10042	resistant
1313.10544	resistant
1313.10220	resistant
1313.10167	resistant
1313.11641	resistant
1313.11199	resistant
1313.11599	resistant
1313.10566	resistant
1313.11581	resistant
1313.11475	resistant
1313.10575	resistant
1313.11259	resistant
1313.10926	resistant
1313.11023	resistant
1313.12913	resistant
1313.11200	resistant
1313.12904	resistant
1313.11678	resistant
1313.10811	resistant
1313.12459	resistant
1313.12908	resistant
1313.10480	resistant
1313.10153	resistant
1313.12917	resistant
1313.11879	resistant
1313.11339	resistant
1313.10634	resistant
1313.10582	resistant
1313.11170	resistant
1313.10784	resistant
1313.11389	resistant
1313.11904	resistant
1313.10751	resistant
1313.11254	resistant
1313.12870	resistant
1313.10796	resistant
1313.11141	resistant
1313.10881	resistant
1313.11798	resistant
1313.11355	resistant
1313.12882	resistant
1313.12892	resistant
1313.10995	resistant
1313.11871	resistant
1313.10903	resistant
1313.11624	resistant
1313.10259	resistant
1313.11003	resistant
1313.11823	resistant
1313.11396	resistant
1313.11516	resistant
1313.12434	resistant
1313.10092	resistant
1313.11952	resistant
1313.11358	resistant
1313.12907	resistant
1313.11114	resistant
1313.11778	resistant
1313.12835	resistant
1313.10802	resistant
1313.10163	resistant
1313.11010	resistant
1313.11566	resistant
1313.11169	resistant
1313.10152	resistant
1313.10619	resistant
1313.11147	resistant
1313.10292	resistant
1313.12947	resistant
1313.11777	resistant
1313.11617	resistant
1313.10239	resistant
1313.11374	resistant
1313.11176	resistant
1313.11668	resistant
1313.10589	resistant
1313.10621	resistant
1313.12937	resistant
1313.11361	resistant
1313.10585	resistant
1313.10905	resistant
1313.11015	resistant
1313.10034	resistant
1313.10612	resistant
1313.10364	resistant
1313.11891	resistant
1313.11232	resistant
1313.10852	resistant
1313.10859	resistant
1313.10626	resistant
1313.12948	resistant
1313.12510	resistant
1313.12994	resistant
1313.10190	resistant
1313.9994	resistant
1313.10422	resistant
1313.11311	resistant
1313.11736	resistant
1313.10238	resistant
1313.10880	resistant
1313.11372	resistant
1313.11040	resistant
1313.10257	resistant
1313.10562	resistant
1313.10116	resistant
1313.12957	resistant
1313.10040	resistant
1313.10050	resistant
1313.12946	resistant
1313.10720	resistant
1313.11308	resistant
1313.10335	resistant
1313.11226	resistant
1313.10343	resistant
1313.10674	resistant
1313.11294	resistant
1313.10226	resistant
1313.10115	resistant
1313.11100	resistant
1313.12920	resistant
1313.11765	resistant
1313.10400	resistant
1313.10410	resistant
1313.10920	resistant
1313.11833	resistant
1313.11820	resistant
1313.10708	resistant
1313.10268	resistant
1313.11042	resistant
1313.11859	resistant
1313.10231	resistant
1313.11600	resistant
1313.10934	resistant
1313.11933	resistant
1313.10713	resistant
1313.11088	resistant
1313.10884	resistant
1313.10071	resistant
1313.10439	resistant
1313.12856	resistant
1313.10886	resistant
1313.11982	resistant
1313.10715	resistant
1313.12958	resistant
1313.10331	resistant
1313.11596	resistant
1313.12974	resistant
1313.11218	resistant
1313.11383	resistant
1313.10377	resistant
1313.12962	resistant
1313.12476	resistant
1313.10074	resistant
1313.11180	resistant
1313.10662	resistant
1313.11187	resistant
1313.10551	resistant
1313.11252	resistant
1313.11462	resistant
1313.10086	resistant
1313.11032	resistant
1313.11568	resistant
1313.12972	resistant
1313.10156	resistant
1313.10667	resistant
1313.10438	resistant
1313.11536	resistant
1313.12941	resistant
1313.11870	resistant
1313.10857	resistant
1313.10997	resistant
1313.11391	resistant
1313.10030	resistant
1313.11868	resistant
1313.10393	resistant
1313.11289	resistant
1313.11326	resistant
1313.10117	resistant
1313.12473	resistant
1313.11295	resistant
1313.11188	resistant
1313.10054	resistant
1313.12954	resistant
1313.11278	resistant
1313.10065	resistant
1313.10636	resistant
1313.11616	resistant
1313.12424	resistant
1313.11257	resistant
1313.10294	resistant
1313.11125	resistant
1313.11385	resistant
1313.11821	resistant
1313.11577	resistant
1313.11406	resistant
1313.10264	resistant
1313.11394	resistant
1313.10062	resistant
1313.10431	resistant
1313.11284	resistant
1313.11896	resistant
1313.11325	resistant
1313.12993	resistant
1313.10287	resistant
1313.11085	resistant
1313.10037	resistant
1313.10671	resistant
1313.12925	resistant
1313.10538	resistant
1313.11246	resistant
1313.10766	resistant
1313.10760	resistant
1313.11484	resistant
1313.11925	resistant
1313.12964	resistant
1313.12329	resistant
1313.11631	resistant
1313.11281	resistant
1313.11754	resistant
1313.11828	resistant
1313.12912	resistant
1313.11087	resistant
1313.12918	resistant
1313.11746	resistant
1313.11691	resistant
1313.10595	resistant
1313.10189	resistant
1313.10508	resistant
1313.12887	resistant
1313.11102	resistant
1313.10630	resistant
1313.10729	resistant
1313.11648	resistant
1313.10471	resistant
1313.11136	resistant
1313.11343	resistant
1313.10212	resistant
1313.12843	resistant
1313.10024	resistant
1313.11729	resistant
1313.12851	resistant
1313.11474	resistant
1313.11664	resistant
1313.10690	resistant
1313.10046	resistant
1313.11755	resistant
1313.11507	resistant
1313.11785	resistant
1313.11608	resistant
1313.11696	resistant
1313.12832	resistant
1313.11096	resistant
1313.10745	resistant
1313.10813	resistant
1313.11846	resistant
1313.10083	resistant
1313.11655	resistant
1313.11625	resistant
1313.10792	resistant
1313.12837	resistant
1313.11353	resistant
1313.10660	resistant
1313.11892	resistant
1313.12903	resistant
1313.10661	resistant
1313.10319	resistant
1313.10087	resistant
1313.11851	resistant
1313.11240	resistant
1313.11255	resistant
1313.10214	resistant
1313.11730	resistant
1313.10757	resistant
1313.10204	resistant
1313.11043	resistant
1313.11816	resistant
1313.12884	resistant
1313.12878	resistant
1313.10302	resistant
1313.12873	resistant
1313.11426	resistant
1313.10999	resistant
1313.10109	resistant
1313.11937	resistant
1313.10454	resistant
1313.12857	resistant
1313.12865	resistant
1313.10166	resistant
1313.10325	resistant
1313.10483	resistant
1313.10549	resistant
1313.11217	resistant
1313.10411	resistant
1313.10172	resistant
1313.12879	resistant
1313.12885	resistant
1313.10160	resistant
1313.10932	resistant
1313.11559	resistant
1313.13071	resistant
1313.11019	resistant
1313.10210	resistant
1313.10215	resistant
1313.10049	resistant
1313.11203	resistant
1313.10180	resistant
1313.10893	resistant
1313.12859	resistant
1313.11414	resistant
1313.11680	resistant
1313.10135	resistant
1313.11094	resistant
1313.12230	resistant
1313.10763	resistant
1313.10522	resistant
1313.10825	resistant
1313.10774	resistant
1313.10123	resistant
1313.10993	resistant
1313.10592	resistant
1313.12889	resistant
1313.10870	resistant
1313.10463	resistant
1313.10876	resistant
1313.11368	resistant
1313.11273	resistant
1313.10464	resistant
1313.12488	resistant
1313.10733	resistant
1313.10835	resistant
1313.11585	resistant
1313.11848	resistant
1313.11723	resistant
1313.11470	resistant
1313.10972	resistant
1313.10336	resistant
1313.11903	resistant
1313.11487	resistant
1313.10753	resistant
1313.10769	resistant
1313.10477	resistant
1313.11781	resistant
1313.10623	resistant
1313.12895	resistant
1313.10864	resistant
1313.11197	resistant
1313.11056	resistant
1313.10543	resistant
1313.10885	resistant
1313.11565	resistant
1313.12846	resistant
1313.11070	resistant
1313.12849	resistant
1313.10982	resistant
1313.11351	resistant
1313.11111	resistant
1313.10333	resistant
1313.10101	resistant
1313.10286	resistant
1313.11314	resistant
1313.10240	resistant
1313.12905	resistant
1313.12841	resistant
1313.11801	resistant
1313.12883	resistant
1313.11250	resistant
1313.12886	resistant
1313.11887	resistant
1313.11431	resistant
1313.10935	resistant
1313.10348	resistant
1313.11502	resistant
1313.11757	resistant
1313.10684	resistant
1313.10805	resistant
1313.11537	resistant
1313.12911	resistant
1313.10724	resistant
1313.12919	resistant
1313.10833	resistant
1313.10891	resistant
1313.11615	resistant
1313.10933	resistant
1313.11191	resistant
1313.11080	resistant
1313.12838	resistant
1313.11164	resistant
1313.10479	resistant
1313.11629	resistant
1313.11049	resistant
1313.11122	resistant
1313.12439	resistant
1313.11349	resistant
1313.11981	resistant
1313.11888	resistant
1313.12831	resistant
1313.10964	resistant
1313.11116	resistant
1313.11796	resistant
1313.10966	resistant
1313.12900	resistant
1313.10151	resistant
1313.11004	resistant
1313.12893	resistant
1313.12906	resistant
1313.10775	resistant
1313.11633	resistant
1313.11704	resistant
1313.10929	resistant
1313.10520	resistant
1313.11836	resistant
1313.10305	resistant
1313.11674	resistant
1313.12897	resistant
1313.11965	resistant
1313.10089	resistant
1313.10983	resistant
1313.10057	resistant
1313.10898	resistant
1313.12880	resistant
1313.10867	resistant
1313.11901	resistant
1313.10406	resistant
1313.10107	resistant
1313.11583	resistant
1313.11443	resistant
1313.10047	resistant
1313.10700	resistant
1313.12869	resistant
1313.10679	resistant
1313.12864	resistant
1313.10142	resistant
1313.12848	resistant
1313.11440	resistant
1313.11260	resistant
1313.11438	resistant
1313.10727	resistant
1313.11093	resistant
1313.11124	resistant
1313.10141	resistant
1313.10616	resistant
1313.10806	resistant
1313.11201	resistant
1313.11485	resistant
1313.10961	resistant
1313.12847	resistant
1313.10242	resistant
1313.10340	resistant
1313.10944	resistant
1313.10821	resistant
1313.10685	resistant
1313.11224	resistant
1313.10457	resistant
1313.11769	resistant
1313.11173	resistant
1313.12916	resistant
1313.10248	resistant
1313.10347	resistant
1313.11161	resistant
1313.10052	resistant
1313.10473	resistant
1313.12890	resistant
1313.11962	resistant
1313.10654	resistant
1313.10559	resistant
1313.11092	resistant
1313.11261	resistant
1313.10761	resistant
1313.11150	resistant
1313.11923	resistant
1313.12914	resistant
1313.11802	resistant
1313.12875	resistant
1313.11051	resistant
1313.11787	resistant
1313.11017	resistant
1313.10021	resistant
1313.10124	resistant
1313.10627	resistant
1313.10503	resistant
1313.10312	resistant
1313.10475	resistant
1313.10058	resistant
1313.10924	resistant
1313.11522	resistant
1313.11105	resistant
1313.11701	resistant
1313.11727	resistant
1313.12876	resistant
1313.10195	resistant
1313.12874	resistant
1313.10591	resistant
1313.10201	resistant
1313.10327	resistant
1313.10015	resistant
1313.10339	resistant
1313.10146	resistant
1313.12888	resistant
1313.11705	resistant
1313.10610	resistant
1313.10804	resistant
1313.10067	resistant
1313.10203	resistant
1313.11064	resistant
1313.10352	resistant
1313.12867	resistant
1313.10548	resistant
1313.10706	resistant
1313.11792	resistant
1313.10202	resistant
1313.11069	resistant
1313.10482	resistant
1313.11495	resistant
1313.10073	resistant
1313.10168	resistant
1313.10863	resistant
1313.10269	resistant
1313.11126	resistant
1313.12577	resistant
